{
  "schemaVersion": 2,
  "type": "single-sprite-square-textured",
  "blend": {
    "type": "add"
  },
  "texture": "minecraft:optifine/sky/world0/starfield01.png",
  "properties": {
    "fade": {
      "startFadeIn": 11500,
      "endFadeIn": 14000,
      "startFadeOut": 166,
      "endFadeOut": 166
    },
    "shouldRotate": true,
    "rotation": {
      "rotationSpeedY": 1
    },
    "skySunTint": false
  },
  "conditions": {
    "worlds": [
      "minecraft:overworld"
    ],
    "weather": ["clear"]
  },
  "decorations": {
    "showStars": false,
    "showMoon": false,
    "showSun": false
  }
}
