{
  "schemaVersion": 2,
  "type": "single-sprite-square-textured",
  "blend": {
    "type": "add"
  },
  "texture": "minecraft:optifine/sky/world0/cloud2.png",
  "properties": {
    "fade": {
      "startFadeIn": 22750,
      "endFadeIn": 23167,
      "startFadeOut": 23334,
      "endFadeOut": 83
    },
    "shouldRotate": true,
    "rotation": {
      "rotationSpeedY": 1
    },
    "skySunTint": false
  },
  "conditions": {
    "worlds": [
      "minecraft:overworld"
    ],
    "weather": ["clear"]
  },
  "decorations": {
    "showStars": false,
    "showMoon": false,
    "showSun": false
  }
}
